Top pages,Clicks,Impressions,CTR,Position
https://www.stablestructure.co.nz/,56,750,7.47%,14.72
http://www.stablestructure.co.nz/,34,629,5.41%,4.16
https://www.stablestructure.co.nz/guides/what-is-a-ps1.html,13,875,1.49%,6.72
https://www.stablestructure.co.nz/services/retaining-walls.html,12,768,1.56%,18.48
https://www.stablestructure.co.nz/guides/retaining-wall-consent-nz.html,8,667,1.2%,7.75
https://www.stablestructure.co.nz/about.html,5,175,2.86%,11.06
https://www.stablestructure.co.nz/services/site-inspections.html,2,305,0.66%,28.97
https://www.stablestructure.co.nz/contact.html,2,78,2.56%,8.74
https://www.stablestructure.co.nz/services/building-consent-documentation.html,1,38,2.63%,16.71
https://www.stablestructure.co.nz/services/swimming-pools.html,1,19,5.26%,5.84
https://www.stablestructure.co.nz/services/carports-sheds-portals.html,0,396,0%,34.68
https://www.stablestructure.co.nz/services/construction-supervision.html,0,108,0%,23.84
https://www.stablestructure.co.nz/services.html,0,74,0%,7.35
https://www.stablestructure.co.nz/testimonials.html,0,64,0%,9.48
https://www.stablestructure.co.nz/services/structural-design.html,0,35,0%,17.69
https://www.stablestructure.co.nz/faq.html,0,31,0%,10.55
https://www.stablestructure.co.nz/sectors.html,0,28,0%,23.29
https://www.stablestructure.co.nz/services/decks-outdoor-living.html,0,21,0%,5.86
https://www.stablestructure.co.nz/process.html,0,15,0%,36.87
https://www.stablestructure.co.nz/privacy.html,0,5,0%,18.4
https://www.stablestructure.co.nz/services/civil-design.html,0,4,0%,1.5