Top queries,Clicks,Impressions,CTR,Position
stable structures,58,123,47.15%,1.37
stable structure,12,52,23.08%,1.62
stable consulting engineers,1,10,10%,2.6
structural engineer auckland,1,3,33.33%,14.33
stable engineering,1,2,50%,6.5
structural engineer nz,1,1,100%,61
structural concrete solutions,0,45,0%,36.11
stable,0,21,0%,6.52
structural,0,17,0%,4.29
construction work supervision services,0,15,0%,48.67
construction verification,0,14,0%,36.29
construction site supervision services,0,14,0%,49.43
building documentation,0,13,0%,28.77
concrete retaining walls,0,13,0%,65.46
structural engineer,0,10,0%,8.5
building construction supervision south auckland,0,10,0%,16.3
structural inspection,0,10,0%,55.5
structure,0,8,0%,11.5
structures,0,7,0%,5.86
engineered retaining walls palmerston north,0,6,0%,43.33
structural engineer consultant auckland,0,5,0%,1
specialist structural materials engineers,0,5,0%,12
structure engineering,0,5,0%,21.2
retaining walls cambridge,0,5,0%,39.6
structual,0,4,0%,5
stable builders,0,4,0%,21.25
engineered retaining walls,0,4,0%,37.75
structural ps4 construction monitoring queenstown,0,4,0%,49.25
structural design,0,4,0%,51
structure engineer,0,3,0%,2
supervision contract for construction project,0,3,0%,32
holding structure design,0,3,0%,59
retaining walls twizel,0,3,0%,60
stable consulting,0,2,0%,2.5
structural engineering,0,2,0%,4.5
civil and structural engineering,0,2,0%,5
structural engineer course,0,2,0%,5
structure stable,0,2,0%,5.5
erectors,0,2,0%,6.5
general structures limited,0,2,0%,14
structural buildings,0,2,0%,26
portal frame sheds nz,0,2,0%,36
ps4 construction review nz,0,2,0%,39
structural works,0,2,0%,39.5
structure inspection,0,2,0%,51.5
structure design,0,2,0%,52
civil and structural engineers,0,1,0%,1
engineers near me,0,1,0%,1
structural company near me,0,1,0%,1
structural engineer near me,0,1,0%,1
structural engineer west auckland,0,1,0%,1
structural engineering near me,0,1,0%,1
structural engineering specialists auckland,0,1,0%,1
building engineer,0,1,0%,2
building services engineers,0,1,0%,2
stable concrete,0,1,0%,2
structures.,0,1,0%,2
civil engineer,0,1,0%,3
strucutral,0,1,0%,3
strutures,0,1,0%,3
sturctural,0,1,0%,3
stable construction,0,1,0%,4
stable struct,0,1,0%,4
civil or structural engineering,0,1,0%,5
site:huggingface.co/stabilityai stable-diffusion-xl-base-1.0 model card,0,1,0%,6
stable quality,0,1,0%,6
"site:stability.ai/news ""stable audio 3.0""",0,1,0%,7
stable project,0,1,0%,7
engineer,0,1,0%,9
site:github.com/ml-explore/mlx-examples stable diffusion flux apple silicon,0,1,0%,9
"site:chromereleases.googleblog.com stable channel update for desktop july 
2026 chrome",0,1,0%,10
structural engineer for retaining wall,0,1,0%,10
strucutre,0,1,0%,10
new structure,0,1,0%,11
stable structures hurn,0,1,0%,11
structral,0,1,0%,11
construction supervision company,0,1,0%,12
structural engineer consultant near me,0,1,0%,21
structural engineers auckland,0,1,0%,21
structure design ltd,0,1,0%,28
earth stability limited,0,1,0%,32
site supervision services,0,1,0%,36
on-site waterproofing inspection nz,0,1,0%,39
construction site supervision,0,1,0%,47
portal frame buildings nz,0,1,0%,48
concrete structures,0,1,0%,49
residential structural engineering west auckland,0,1,0%,50
architect construction supervision,0,1,0%,52
civil engineer company,0,1,0%,58
nzs 3604 retaining walls,0,1,0%,59
landscape structures,0,1,0%,62
portal frame construction nz,0,1,0%,63
civil and structural engineering company new zealand,0,1,0%,70
civil contractors nz,0,1,0%,140